{
    "$schema": "https://schema.management.azure.com/schemas/2019-04-01/deploymentTemplate.json#",
    "contentVersion": "1.0.0.0",
    "parameters": {
        "storageAccountNamePrefix": {
            "type": "string",
            "metadata": {
                "description": "Prefix for the storage account name"
            }
        },
        "storageAccountType": {
            "type": "string",
            "metadata": {
                "description": "Storage account type"
            }
        },
        "location": {
            "type": "string",
            "defaultValue": "[resourceGroup().location]",
            "metadata": {
                "description": "Storage account location"
            }
        }
    },
    "variables": {
        "storageAccountName": "[substring(concat(parameters('storageAccountNamePrefix'), uniqueString('storage')), 0, 15)]",
        "dataShareAccountName": "[substring(concat(parameters('storageAccountNamePrefix'), uniqueString('dsaccount')), 0, 15)]",
        "managedIdentityName": "[substring(concat(parameters('storageAccountNamePrefix'), uniqueString('-identity')), 0, 15)]",
        "applicationName": "[substring(concat(parameters('storageAccountNamePrefix'), uniqueString('-app')), 0, 15)]",
        "containerGroupName": "[substring(concat(parameters('storageAccountNamePrefix'), uniqueString('-containergroup')), 0, 15)]",
        "Owner": "[concat('/subscriptions/', subscription().subscriptionId, '/providers/Microsoft.Authorization/roleDefinitions/', '8e3af657-a8ff-443c-a75c-2fe8c4bcb635')]",
        "bootstrapRoleAssignmentId": "[guid(concat(resourceGroup().id, 'contributor'))]",
        "contributorRoleDefinitionId": "[concat('/subscriptions/', subscription().subscriptionId, '/providers/Microsoft.Authorization/roleDefinitions/', 'b24988ac-6180-42a0-ab88-20f7382dd24c')]"
    },
    "resources": [
        {
            "type": "Microsoft.Storage/storageAccounts",
            "name": "[variables('storageAccountName')]",
            "apiVersion": "2019-06-01",
            "location": "[parameters('location')]",
            "sku": {
                "name": "[parameters('storageAccountType')]"
            },
            "kind": "Storage",
            "properties": {
            }
        },
        {
            "type": "Microsoft.DataShare/accounts",
            "apiVersion": "2019-11-01",
            "name": "[variables('dataShareAccountName')]",
            "location": "[parameters('location')]",
            "identity": {
                "type": "SystemAssigned"
            },
            "properties": {
            }
        },
        {
            "type": "Microsoft.ManagedIdentity/userAssignedIdentities",
            "name": "[variables('managedIdentityName')]",
            "apiVersion": "2018-11-30",
            "location": "[parameters('location')]"
        },
        {
            "type": "Microsoft.Solutions/applications",
            "name": "[variables('applicationName')]",
            "apiVersion": "2018-09-01-preview",
            "location": "[parameters('location')]",
            "identity": {
                "type": "UserAssigned",
                "userAssignedIdentities": {
                    "[resourceID('Microsoft.ManagedIdentity/userAssignedIdentities/',variables('managedIdentityName'))]": {}
                }
            },
            "properties": {
                "ManagedResourceGroupId": "[resourceGroup().id]",
                "parameters": {}
            }
        },
        {
            "type": "Microsoft.Authorization/roleAssignments",
            "apiVersion": "2018-09-01-preview",
            "name": "[guid(concat(resourceGroup().id, 'contributor'))]",
            "dependsOn": [
                "[resourceId('Microsoft.ManagedIdentity/userAssignedIdentities', variables('managedIdentityName'))]"
            ],
            "properties": {
                "roleDefinitionId": "[variables('Owner')]",
                "principalId": "[reference(resourceId('Microsoft.ManagedIdentity/userAssignedIdentities', variables('managedIdentityName')), '2018-11-30').principalId]",
                "scope": "[resourceGroup().id]",
                "principalType": "ServicePrincipal"
            }
        },
        {
            "type": "Microsoft.Resources/deploymentScripts",
            "apiVersion": "2019-10-01-preview",
            "name": "runPowerShellInline",
            "location": "[resourceGroup().location]",
            "kind": "AzurePowerShell",
            "identity": {
                "type": "userAssigned",
                "userAssignedIdentities": {
                    "[resourceID('Microsoft.ManagedIdentity/userAssignedIdentities/',variables('managedIdentityName'))]": {}
                }
            },
            "properties": {
                "forceUpdateTag": 1,
                "containerSettings": {
                    "containerGroupName": "[variables('containerGroupName')]"
                },
                "storageAccountSettings": {
                    "storageAccountName": "[variables('storageAccountName')]",
                    "storageAccountKey": "[listKeys(resourceId('Microsoft.Storage/storageAccounts', variables('storageAccountName')), '2019-06-01').keys[0].value]"
                },
                "azPowerShellVersion": "3.0",
                "arguments": "-name \\\"John Dole\\\"",
                "environmentVariables": [
                    {
                        "name": "someSecret",
                        "secureValue": "if this is really a secret, don't put it here... in plain text..."
                    }
                ],
                "scriptContent": "
      param([string] $name)
      $output = 'Hello {0}' -f $name
      Write-Output $output
      $DeploymentScriptOutputs = @{}
      $DeploymentScriptOutputs['text'] = $output
    ",
                "supportingScriptUris": [],
                "timeout": "PT30M",
                "cleanupPreference": "OnSuccess",
                "retentionInterval": "P1D"
            }
        },
        {
            "type": "Microsoft.Storage/storageAccounts/providers/roleAssignments",
            "apiVersion": "2018-09-01-preview",
            "name": "[concat(variables('storageAccountName'), '/Microsoft.Authorization/', guid(uniqueString(variables('storageAccountName'))))]",
            "dependsOn": [
                "[resourceId('Microsoft.Storage/storageAccounts', variables('storageAccountName'))]",
                "[resourceId('Microsoft.DataShare/accounts', variables('dataShareAccountName'))]"
            ],
            "properties": {
                "roleDefinitionId": "[variables('Owner')]",
                "principalId": "[reference(concat('Microsoft.DataShare/accounts/', variables('dataShareAccountName')), '2019-11-01', 'Full').identity.principalId]",
                "principalType": "ServicePrincipal"
            }
        }
    ],
    "outputs": {
        "storageEndpoint": {
            "type": "string",
            "value": "[reference(resourceId('Microsoft.Storage/storageAccounts/', variables('storageAccountName')), '2016-01-01').primaryEndpoints.blob]"
        }
    }
}