{
    "$schema": "https://schema.management.azure.com/schemas/2019-04-01/deploymentTemplate.json#",
    "contentVersion": "1.0.0.0",
    "parameters": {
        "storageAccountNamePrefix": {
            "type": "string",
            "metadata": {
                "description": "Prefix for the storage account name"
            }
        },
        "storageAccountType": {
            "type": "string",
            "metadata": {
                "description": "Storage account type"
            }
        },
        "location": {
            "type": "string",
            "defaultValue": "[resourceGroup().location]",
            "metadata": {
                "description": "Storage account location"
            }
        }
    },
    "variables": {
        "storageAccountName": "[substring(concat(parameters('storageAccountNamePrefix'), uniqueString('storage')), 0, 15)]",
        "dataShareAccountName": "[substring(concat(parameters('storageAccountNamePrefix'), uniqueString('dsaccount')), 0, 15)]",
        "Owner": "[concat('/subscriptions/', subscription().subscriptionId, '/providers/Microsoft.Authorization/roleDefinitions/', '8e3af657-a8ff-443c-a75c-2fe8c4bcb635')]"
    },
    "resources": [
        {
            "type": "Microsoft.Storage/storageAccounts",
            "name": "[variables('storageAccountName')]",
            "apiVersion": "2019-06-01",
            "location": "[parameters('location')]",
            "sku": {
                "name": "[parameters('storageAccountType')]"
            },
            "kind": "Storage",
            "properties": {
            }
        },
        {
            "type": "Microsoft.DataShare/accounts",
            "apiVersion": "2019-11-01",
            "name": "[variables('dataShareAccountName')]",
            "location": "[parameters('location')]",
            "identity": {
                "type": "SystemAssigned"
            },
            "properties": {
            }
        },
        {
            "type": "Microsoft.Storage/storageAccounts/providers/roleAssignments",
            "apiVersion": "2018-09-01-preview",
            "name": "[concat(variables('storageAccountName'), '/Microsoft.Authorization/', guid(uniqueString(variables('storageAccountName'))))]",
            "dependsOn": [
                "[resourceId('Microsoft.Storage/storageAccounts', variables('storageAccountName'))]",
                "[resourceId('Microsoft.DataShare/accounts', variables('dataShareAccountName'))]"
            ],
            "properties": {
                "roleDefinitionId": "[variables('Owner')]",
                "principalId": "[reference(concat('Microsoft.DataShare/accounts/', variables('dataShareAccountName')), '2019-11-01', 'Full').identity.principalId]",
                "principalType": "ServicePrincipal"
            }
        }
    ],
    "outputs": {
        "storageEndpoint": {
            "type": "string",
            "value": "[reference(resourceId('Microsoft.Storage/storageAccounts/', variables('storageAccountName')), '2016-01-01').primaryEndpoints.blob]"
        }
    }
}