{
    "$schema": "https://schema.management.azure.com/schemas/0.1.2-preview/CreateUIDefinition.MultiVm.json#",
    "handler": "Microsoft.Azure.CreateUIDef",
    "version": "0.1.2-preview",
    "parameters": {
        "basics": [
            {}
        ],
        "steps": [
            {
                "name": "storageConfig",
                "label": "Storage settings",
                "subLabel": {
                    "preValidation": "Configure the infrastructure settings",
                    "postValidation": "Done"
                },
                "bladeTitle": "Storage settings",
                "elements": [
                    {
                        "name": "storageAccounts",
                        "type": "Microsoft.Storage.MultiStorageAccountCombo",
                        "label": {
                            "prefix": "Storage account name prefix",
                            "type": "Storage account type"
                        },
                        "defaultValue": {
                            "type": "Standard_LRS"
                        },
                        "constraints": {
                            "allowedTypes": [
                                "Premium_LRS",
                                "Standard_LRS",
                                "Standard_GRS"
                            ]
                        }
                    },
                    {
                        "name": "appIdentity",
                        "type": "Microsoft.ManagedIdentity.IdentitySelector",
                        "label": "Managed Identity Configuration",
                        "toolTip": {
                          "systemAssignedIdentity": "Enable system assigned identity to grant the managed application access to additional existing resources."
                        },
                        "defaultValue": {
                          "systemAssignedIdentity": "On"
                        },
                        "options": {
                          "hideSystemAssignedIdentity": false,
                          "hideUserAssignedIdentity": true,
                          "readOnlySystemAssignedIdentity": false
                        },
                        "visible": true
                      }
                ]
            }
        ],
        "outputs": {
            "storageAccountNamePrefix": "[steps('storageConfig').storageAccounts.prefix]",
            "storageAccountType": "[steps('storageConfig').storageAccounts.type]",
            "location": "[location()]",
            "managedIdentity": "[steps('storageConfig').appIdentity]"
        }
    }
}